"id","declared_species_sources","callback_keys"
"adaptability","implemented-species","onModifySTAB"
"aerilate","implemented-species","onBasePower;onModifyType"
"aftermath","implemented-species","onDamagingHit"
"airlock","implemented-species","onEnd;onStart;onSwitchIn"
"analytic","implemented-species","onBasePower"
"angerpoint","implemented-species","onHit"
"angershell","implemented-species","onAfterMoveSecondary;onDamage;onTryEatItem"
"anticipation","data-only-species;implemented-species","onStart"
"arenatrap","implemented-species","onFoeMaybeTrapPokemon;onFoeTrapPokemon"
"armortail","implemented-species","onFoeTryMove"
"aromaveil","implemented-species","onAllyTryAddVolatile"
"asoneglastrier","data-only-species","onEnd;onFoeTryEatItem;onPreStart;onSourceAfterFaint"
"asonespectrier","data-only-species","onEnd;onFoeTryEatItem;onPreStart;onSourceAfterFaint"
"aurabreak","data-only-species","onAnyTryPrimaryHit;onStart"
"baddreams","data-only-species","onResidual"
"ballfetch","implemented-species",""
"battery","data-only-species","onAllyBasePower"
"battlearmor","data-only-species;implemented-species",""
"battlebond","implemented-species","onSourceAfterFaint"
"beadsofruin","data-only-species","onAnyModifySpD;onStart"
"beastboost","data-only-species;implemented-species","onSourceAfterFaint"
"berserk","implemented-species","onAfterMoveSecondary;onDamage;onTryEatItem"
"bigpecks","data-only-species;implemented-species","onTryBoost"
"blaze","implemented-species","onModifyAtk;onModifySpA"
"bulletproof","implemented-species","onTryHit"
"cheekpouch","implemented-species","onEatItem"
"chillingneigh","data-only-species","onSourceAfterFaint"
"chlorophyll","implemented-species","onModifySpe"
"clearbody","data-only-species;implemented-species","onTryBoost"
"cloudnine","implemented-species","onEnd;onStart;onSwitchIn"
"colorchange","implemented-species","onAfterMoveSecondary"
"comatose","implemented-species","onSetStatus;onStart"
"commander","implemented-species","onUpdate"
"competitive","implemented-species","onAfterEachBoost"
"compoundeyes","data-only-species;implemented-species","onSourceModifyAccuracy"
"contrary","data-only-species;implemented-species","onChangeBoost"
"corrosion","implemented-species",""
"costar","implemented-species","onStart"
"cottondown","implemented-species","onDamagingHit"
"cudchew","implemented-species","onEatItem;onEnd"
"curiousmedicine","implemented-species","onStart"
"cursedbody","implemented-species","onDamagingHit"
"cutecharm","data-only-species;implemented-species","onDamagingHit"
"damp","implemented-species","onAnyDamage;onAnyTryMove"
"dancer","data-only-species",""
"darkaura","data-only-species","onAnyBasePower;onStart"
"dauntlessshield","data-only-species","onStart"
"dazzling","implemented-species","onFoeTryMove"
"defeatist","implemented-species","onModifyAtk;onModifySpA"
"defiant","data-only-species;implemented-species","onAfterEachBoost"
"deltastream","implemented-species","onAnySetWeather;onEnd;onStart"
"desolateland","data-only-species","onAnySetWeather;onEnd;onStart"
"disguise","implemented-species","onCriticalHit;onDamage;onEffectiveness;onUpdate"
"download","data-only-species;implemented-species","onStart"
"dragonsmaw","implemented-species","onModifyAtk;onModifySpA"
"drizzle","data-only-species;implemented-species","onStart"
"drought","data-only-species;implemented-species","onStart"
"dryskin","data-only-species;implemented-species","onSourceBasePower;onTryHit;onWeather"
"earlybird","implemented-species",""
"eartheater","implemented-species","onTryHit"
"effectspore","implemented-species","onDamagingHit"
"electricsurge","data-only-species;implemented-species","onStart"
"electromorphosis","implemented-species","onDamagingHit"
"embodyaspectcornerstone","data-only-species","onStart;onSwitchIn"
"embodyaspecthearthflame","data-only-species","onStart;onSwitchIn"
"embodyaspectteal","data-only-species","onStart;onSwitchIn"
"embodyaspectwellspring","data-only-species","onStart;onSwitchIn"
"emergencyexit","implemented-species","onEmergencyExit"
"fairyaura","implemented-species","onAnyBasePower;onStart"
"filter","implemented-species","onSourceModifyDamage"
"flamebody","data-only-species;implemented-species","onDamagingHit"
"flareboost","implemented-species","onBasePower"
"flashfire","data-only-species;implemented-species","onEnd;onTryHit"
"flowergift","implemented-species","onAllyModifyAtk;onAllyModifySpD;onStart;onWeatherChange"
"flowerveil","implemented-species","onAllySetStatus;onAllyTryAddVolatile;onAllyTryBoost"
"fluffy","data-only-species;implemented-species","onSourceModifyDamage"
"forecast","data-only-species","onStart;onWeatherChange"
"forewarn","implemented-species","onStart"
"friendguard","implemented-species","onAnyModifyDamage"
"frisk","data-only-species;implemented-species","onStart"
"fullmetalbody","data-only-species","onTryBoost"
"furcoat","implemented-species","onModifyDef"
"galewings","implemented-species","onModifyPriority"
"galvanize","implemented-species","onBasePower;onModifyType"
"gluttony","data-only-species;implemented-species","onDamage;onStart"
"goodasgold","implemented-species","onTryHit"
"gooey","implemented-species","onDamagingHit"
"gorillatactics","implemented-species","onBeforeMove;onDisableMove;onEnd;onModifyAtk;onModifyMove;onStart"
"grasspelt","implemented-species","onModifyDef"
"grassysurge","data-only-species;implemented-species","onStart"
"grimneigh","data-only-species","onSourceAfterFaint"
"guarddog","data-only-species;implemented-species","onDragOut;onTryBoost"
"gulpmissile","implemented-species","onDamagingHit;onSourceTryPrimaryHit"
"guts","implemented-species","onModifyAtk"
"hadronengine","data-only-species","onModifySpA;onStart"
"harvest","implemented-species","onResidual"
"healer","implemented-species","onResidual"
"heatproof","implemented-species","onDamage;onSourceModifyAtk;onSourceModifySpA"
"heavymetal","implemented-species","onModifyWeight"
"honeygather","implemented-species",""
"hospitality","implemented-species","onStart"
"hugepower","implemented-species","onModifyAtk"
"hungerswitch","implemented-species","onResidual"
"hustle","implemented-species","onModifyAtk;onSourceModifyAccuracy"
"hydration","data-only-species;implemented-species","onResidual"
"hypercutter","implemented-species","onTryBoost"
"icebody","data-only-species;implemented-species","onImmunity;onWeather"
"iceface","implemented-species","onCriticalHit;onDamage;onEffectiveness;onStart;onUpdate;onWeatherChange"
"icescales","implemented-species","onSourceModifyDamage"
"illuminate","implemented-species","onModifyMove;onTryBoost"
"illusion","implemented-species","onBeforeSwitchIn;onDamagingHit;onEnd;onFaint"
"immunity","implemented-species","onSetStatus;onUpdate"
"imposter","implemented-species","onStart;onSwitchIn"
"infiltrator","implemented-species","onModifyMove"
"innardsout","implemented-species","onDamagingHit"
"innerfocus","data-only-species;implemented-species","onTryAddVolatile;onTryBoost"
"insomnia","implemented-species","onSetStatus;onTryAddVolatile;onUpdate"
"intimidate","data-only-species;implemented-species","onStart"
"intrepidsword","data-only-species","onStart"
"ironbarbs","implemented-species","onDamagingHit"
"ironfist","data-only-species;implemented-species","onBasePower"
"justified","data-only-species;implemented-species","onDamagingHit"
"keeneye","data-only-species;implemented-species","onModifyMove;onTryBoost"
"klutz","implemented-species","onStart"
"leafguard","implemented-species","onSetStatus;onTryAddVolatile"
"levitate","data-only-species;implemented-species",""
"libero","implemented-species","onPrepareHit;onSwitchIn"
"lightmetal","implemented-species","onModifyWeight"
"lightningrod","implemented-species","onAnyRedirectTarget;onTryHit"
"limber","implemented-species","onSetStatus;onUpdate"
"lingeringaroma","implemented-species","onDamagingHit"
"liquidooze","data-only-species;implemented-species","onSourceTryHeal"
"liquidvoice","implemented-species","onModifyType"
"longreach","implemented-species","onModifyMove"
"magicbounce","data-only-species;implemented-species","onAllyTryHitSide;onTryHit"
"magicguard","implemented-species","onDamage"
"magician","data-only-species;implemented-species","onAfterMoveSecondarySelf"
"magmaarmor","implemented-species","onImmunity;onUpdate"
"magnetpull","data-only-species;implemented-species","onFoeMaybeTrapPokemon;onFoeTrapPokemon"
"marvelscale","implemented-species","onModifyDef"
"megalauncher","implemented-species","onBasePower"
"merciless","implemented-species","onModifyCritRatio"
"mimicry","implemented-species","onStart;onTerrainChange"
"mindseye","implemented-species","onModifyMove;onTryBoost"
"minus","implemented-species","onModifySpA"
"mirrorarmor","implemented-species","onTryBoost"
"mistysurge","data-only-species;implemented-species","onStart"
"moldbreaker","data-only-species;implemented-species","onModifyMove;onStart"
"moody","implemented-species","onResidual"
"motordrive","implemented-species","onTryHit"
"mountaineer","","onDamage;onTryHit"
"moxie","implemented-species","onSourceAfterFaint"
"multiscale","implemented-species","onSourceModifyDamage"
"multitype","data-only-species",""
"mummy","implemented-species","onDamagingHit"
"myceliummight","implemented-species","onFractionalPriority;onModifyMove"
"naturalcure","data-only-species;implemented-species","onCheckShow;onSwitchOut"
"neuroforce","data-only-species","onModifyDamage"
"neutralizinggas","implemented-species","onEnd;onPreStart"
"noability","",""
"noguard","implemented-species","onAnyAccuracy;onAnyInvulnerability"
"normalize","implemented-species","onBasePower;onModifyType"
"oblivious","implemented-species","onImmunity;onTryBoost;onTryHit;onUpdate"
"opportunist","implemented-species","onFoeAfterBoost"
"orichalcumpulse","data-only-species","onModifyAtk;onStart"
"overcoat","data-only-species;implemented-species","onImmunity;onTryHit"
"overgrow","implemented-species","onModifyAtk;onModifySpA"
"owntempo","implemented-species","onHit;onTryAddVolatile;onTryBoost;onUpdate"
"parentalbond","implemented-species","onPrepareHit;onSourceModifySecondaries"
"pastelveil","implemented-species","onAllySetStatus;onAllySwitchIn;onSetStatus;onStart;onUpdate"
"perishbody","implemented-species","onDamagingHit"
"persistent","",""
"pickpocket","implemented-species","onAfterMoveSecondary"
"pickup","data-only-species;implemented-species","onResidual"
"pixilate","implemented-species","onBasePower;onModifyType"
"plus","implemented-species","onModifySpA"
"poisonheal","implemented-species","onDamage"
"poisonpoint","implemented-species","onDamagingHit"
"poisonpuppeteer","data-only-species","onAnyAfterSetStatus"
"poisontouch","data-only-species;implemented-species","onSourceDamagingHit"
"powerconstruct","data-only-species","onResidual"
"powerofalchemy","implemented-species","onAllyFaint"
"powerspot","implemented-species","onAllyBasePower"
"prankster","data-only-species;implemented-species","onModifyPriority"
"pressure","data-only-species;implemented-species","onDeductPP;onStart"
"primordialsea","data-only-species","onAnySetWeather;onEnd;onStart"
"prismarmor","data-only-species","onSourceModifyDamage"
"propellertail","implemented-species","onModifyMove"
"protean","implemented-species","onPrepareHit;onSwitchIn"
"protosynthesis","data-only-species;implemented-species","onEnd;onStart;onWeatherChange"
"psychicsurge","data-only-species;implemented-species","onStart"
"punkrock","implemented-species","onBasePower;onSourceModifyDamage"
"purepower","implemented-species","onModifyAtk"
"purifyingsalt","implemented-species","onSetStatus;onSourceModifyAtk;onSourceModifySpA;onTryAddVolatile"
"quarkdrive","data-only-species;implemented-species","onEnd;onStart;onTerrainChange"
"queenlymajesty","implemented-species","onFoeTryMove"
"quickdraw","implemented-species","onFractionalPriority"
"quickfeet","implemented-species","onModifySpe"
"raindish","implemented-species","onWeather"
"rattled","implemented-species","onAfterBoost;onDamagingHit"
"rebound","","onAllyTryHitSide;onTryHit"
"receiver","data-only-species","onAllyFaint"
"reckless","implemented-species","onBasePower"
"refrigerate","implemented-species","onBasePower;onModifyType"
"regenerator","data-only-species;implemented-species","onSwitchOut"
"ripen","implemented-species","onChangeBoost;onEatItem;onSourceModifyDamage;onTryEatItem;onTryHeal"
"rivalry","implemented-species","onBasePower"
"rkssystem","data-only-species",""
"rockhead","implemented-species","onDamage"
"rockypayload","data-only-species","onModifyAtk;onModifySpA"
"roughskin","implemented-species","onDamagingHit"
"runaway","implemented-species",""
"sandforce","data-only-species;implemented-species","onBasePower;onImmunity"
"sandrush","data-only-species;implemented-species","onImmunity;onModifySpe"
"sandspit","implemented-species","onDamagingHit"
"sandstream","implemented-species","onStart"
"sandveil","data-only-species;implemented-species","onImmunity;onModifyAccuracy"
"sapsipper","implemented-species","onAllyTryHitSide;onTryHit"
"schooling","implemented-species","onResidual;onStart"
"scrappy","implemented-species","onModifyMove;onTryBoost"
"screencleaner","implemented-species","onStart"
"seedsower","implemented-species","onDamagingHit"
"serenegrace","data-only-species;implemented-species","onModifyMove"
"shadowshield","data-only-species","onSourceModifyDamage"
"shadowtag","implemented-species","onFoeMaybeTrapPokemon;onFoeTrapPokemon"
"sharpness","implemented-species","onBasePower"
"shedskin","data-only-species;implemented-species","onResidual"
"sheerforce","data-only-species;implemented-species","onBasePower;onModifyMove"
"shellarmor","implemented-species",""
"shielddust","implemented-species","onModifySecondaries"
"shieldsdown","data-only-species","onResidual;onSetStatus;onStart;onTryAddVolatile"
"simple","implemented-species","onChangeBoost"
"skilllink","implemented-species","onModifyMove"
"slowstart","implemented-species","onEnd;onStart"
"slushrush","implemented-species","onModifySpe"
"sniper","implemented-species","onModifyDamage"
"snowcloak","implemented-species","onImmunity;onModifyAccuracy"
"snowwarning","data-only-species;implemented-species","onStart"
"solarpower","data-only-species;implemented-species","onModifySpA;onWeather"
"solidrock","implemented-species","onSourceModifyDamage"
"soulheart","data-only-species","onAnyFaint"
"soundproof","data-only-species;implemented-species","onAllyTryHitSide;onTryHit"
"speedboost","implemented-species","onResidual"
"stakeout","implemented-species","onModifyAtk;onModifySpA"
"stall","implemented-species",""
"stalwart","implemented-species","onModifyMove"
"stamina","implemented-species","onDamagingHit"
"stancechange","implemented-species","onModifyMove"
"static","data-only-species;implemented-species","onDamagingHit"
"steadfast","implemented-species","onFlinch"
"steamengine","implemented-species","onDamagingHit"
"steelworker","implemented-species","onModifyAtk;onModifySpA"
"steelyspirit","implemented-species","onAllyBasePower"
"stench","implemented-species","onModifyMove"
"stickyhold","data-only-species;implemented-species","onTakeItem"
"stormdrain","implemented-species","onAnyRedirectTarget;onTryHit"
"strongjaw","implemented-species","onBasePower"
"sturdy","data-only-species;implemented-species","onDamage;onTryHit"
"suctioncups","implemented-species","onDragOut"
"superluck","implemented-species","onModifyCritRatio"
"supersweetsyrup","implemented-species","onStart"
"supremeoverlord","implemented-species","onBasePower;onEnd;onStart"
"surgesurfer","implemented-species","onModifySpe"
"swarm","data-only-species;implemented-species","onModifyAtk;onModifySpA"
"sweetveil","implemented-species","onAllySetStatus;onAllyTryAddVolatile"
"swiftswim","data-only-species;implemented-species","onModifySpe"
"swordofruin","data-only-species","onAnyModifyDef;onStart"
"symbiosis","data-only-species;implemented-species","onAllyAfterUseItem"
"synchronize","implemented-species","onAfterSetStatus"
"tabletsofruin","data-only-species","onAnyModifyAtk;onStart"
"tangledfeet","implemented-species","onModifyAccuracy"
"tanglinghair","implemented-species","onDamagingHit"
"technician","data-only-species;implemented-species","onBasePower"
"telepathy","data-only-species;implemented-species","onTryHit"
"teraformzero","data-only-species","onAfterTerastallization"
"terashell","data-only-species","onAnyAfterMove;onEffectiveness"
"terashift","data-only-species","onPreStart"
"teravolt","data-only-species","onModifyMove;onStart"
"thermalexchange","data-only-species","onDamagingHit;onSetStatus;onUpdate"
"thickfat","implemented-species","onSourceModifyAtk;onSourceModifySpA"
"tintedlens","data-only-species;implemented-species","onModifyDamage"
"torrent","implemented-species","onModifyAtk;onModifySpA"
"toughclaws","implemented-species","onBasePower"
"toxicboost","implemented-species","onBasePower"
"toxicchain","data-only-species","onSourceDamagingHit"
"toxicdebris","implemented-species","onDamagingHit"
"trace","implemented-species","onStart;onUpdate"
"transistor","implemented-species","onModifyAtk;onModifySpA"
"triage","implemented-species","onModifyPriority"
"truant","implemented-species","onBeforeMove;onStart"
"turboblaze","data-only-species","onModifyMove;onStart"
"unaware","data-only-species;implemented-species","onAnyModifyBoost"
"unburden","implemented-species","onAfterUseItem;onEnd;onTakeItem"
"unnerve","data-only-species;implemented-species","onEnd;onFoeTryEatItem;onPreStart;onStart"
"unseenfist","data-only-species","onModifyMove"
"vesselofruin","data-only-species","onAnyModifySpA;onStart"
"victorystar","data-only-species","onAnyModifyAccuracy"
"vitalspirit","implemented-species","onSetStatus;onTryAddVolatile;onUpdate"
"voltabsorb","data-only-species;implemented-species","onTryHit"
"wanderingspirit","implemented-species","onDamagingHit"
"waterabsorb","data-only-species;implemented-species","onTryHit"
"waterbubble","implemented-species","onModifyAtk;onModifySpA;onSetStatus;onSourceModifyAtk;onSourceModifySpA;onUpdate"
"watercompaction","implemented-species","onDamagingHit"
"waterveil","implemented-species","onSetStatus;onUpdate"
"weakarmor","data-only-species;implemented-species","onDamagingHit"
"wellbakedbody","implemented-species","onTryHit"
"whitesmoke","implemented-species","onTryBoost"
"wimpout","implemented-species","onEmergencyExit"
"windpower","implemented-species","onAllySideConditionStart;onDamagingHit"
"windrider","implemented-species","onAllySideConditionStart;onStart;onTryHit"
"wonderguard","implemented-species","onTryHit"
"wonderskin","implemented-species","onModifyAccuracy"
"zenmode","implemented-species","onEnd;onResidual"
"zerotohero","implemented-species","onStart;onSwitchIn;onSwitchOut"
